module_type,category,subdivision,question_text,difficulty,explanation,option_1,option_2,option_3,option_4,correct_option
practice,Numeracy,Dosage Calculations,"A patient needs 500mg of medication. The medication is available in 250mg tablets. How many tablets should be administered?",easy,"Divide the required dose (500mg) by the tablet strength (250mg): 500 ÷ 250 = 2 tablets",1 tablet,2 tablets,3 tablets,4 tablets,2
practice,Numeracy,Unit Conversions,"Convert 2.5 liters to milliliters",easy,"1 liter = 1000 milliliters, so 2.5 liters = 2.5 × 1000 = 2500 milliliters",250 ml,2500 ml,25000 ml,250000 ml,2
practice,Numeracy,IV Flow Rate Calculations,"Calculate the drip rate for 1000ml to be infused over 8 hours using a giving set with 20 drops/ml",medium,"First calculate ml/hour: 1000ml ÷ 8 hours = 125 ml/hour. Then calculate drops/min: (125 ml × 20 drops/ml) ÷ 60 min = 41.67 ≈ 42 drops/min",25 drops/min,32 drops/min,42 drops/min,50 drops/min,3
practice,Numeracy,Fluid Balance,"A patient has an input of 2400ml and output of 1800ml over 24 hours. What is the fluid balance?",easy,"Fluid balance = Input - Output = 2400ml - 1800ml = +600ml (positive balance)",+600ml,-600ml,+4200ml,-4200ml,1
practice,Clinical Knowledge,Medical-Surgical Nursing,"Which of the following is a sign of hypovolemic shock?",medium,"Hypovolemic shock presents with decreased blood pressure, increased heart rate (tachycardia), weak pulse, and decreased urine output due to inadequate circulating volume",Bradycardia,Hypertension,Tachycardia,Polyuria,3
practice,Clinical Knowledge,Pharmacology,"What is the primary action of ACE inhibitors?",medium,"ACE inhibitors work by blocking the angiotensin-converting enzyme, which prevents the conversion of angiotensin I to angiotensin II, thereby reducing vasoconstriction and lowering blood pressure",Increase heart rate,Reduce blood pressure,Increase blood glucose,Reduce inflammation,2
practice,Clinical Knowledge,Infection Control,"What is the most effective method to prevent the spread of healthcare-associated infections?",easy,"Hand hygiene is considered the single most important measure to prevent the transmission of healthcare-associated infections. It should be performed before and after patient contact.",Wearing gloves at all times,Hand hygiene,Taking antibiotics,Wearing a mask,2
practice,Clinical Knowledge,Wound Care,"Which type of wound dressing is most appropriate for a wound with heavy exudate?",medium,"Alginate dressings are highly absorbent and can hold up to 20 times their weight in fluid, making them ideal for wounds with heavy drainage",Hydrocolloid,Alginate,Transparent film,Dry gauze,2
practice,Clinical Knowledge,Palliative Care,"What is the primary goal of palliative care?",easy,"Palliative care focuses on providing relief from symptoms and improving quality of life for patients with serious illnesses, not necessarily only at end of life",Cure the disease,Improve quality of life,Prolong life at all costs,Reduce healthcare costs,2
